From Type,source,Edge,To Type,target,Weight
Precedents,Hunter Point Library,relates to,Sub-Aspects,Operation: Subtract,
Precedents,Hunter Point Library,is designed by,Architect,Steven Holl Architects,
Precedents,Hunter Point Library,has Style,Style,Modern,
Precedents,Hunter Point Library,is built using,Materials,Concrete,
Precedents,Hunter Point Library,is designed/built in,Year,2019,
Precedents,Hunter Point Library,is located in,Location,United States,
Precedents,Hunter Point Library,serves as a ,Programme,Library,
Precedents,Hunter Point Library,has Attribute,Attribute,intimate reading spaces,
Precedents,Hunter Point Library,has Attribute,Attribute,active gathering spaces,
Precedents,Hunter Point Library,has Attribute,Attribute,social spaces,
Precedents,Hunter Point Library,has Attribute,Attribute,mezzanine,
Precedents,Hunter Point Library,has Attribute,Attribute,compact plan,
Precedents,Hunter Point Library,has Attribute,Attribute,natural light,
Precedents,Hunter Point Library,has Attribute,Attribute,sculpted cuts,
Precedents,Hunter Point Library,has Principle,Principle,programmatic divisions,
Precedents,Heydar Aliyev Centre,serves as a,Programme,Cultural center,
Precedents,Heydar Aliyev Centre,relates to,Sub-Aspects,Operation: Curve,
Precedents,Heydar Aliyev Centre,relates to,Sub-Aspects,Structure: Space Frame,
Precedents,Heydar Aliyev Centre,is designed by,Architect,Zaha Hadid Architects,
Precedents,Heydar Aliyev Centre,has Style,Style,Contemporary,
Precedents,Heydar Aliyev Centre,is built using,Materials,Wood,
Precedents,Heydar Aliyev Centre,is built using,Materials,Concrete,
Precedents,Heydar Aliyev Centre,is built using,Materials,Glass Fiber Reinforced Polyester,
Precedents,Heydar Aliyev Centre,is designed/built in,Year,2013,
Precedents,Heydar Aliyev Centre,is located in,Location,Azerbaijan,
Precedents,Heydar Aliyev Centre,has Attribute,Attribute,column-free spaces,
Precedents,Heydar Aliyev Centre,has Attribute,Attribute,aspiring,
Precedents,Heydar Aliyev Centre,has Attribute,Attribute,undulating,
Precedents,Heydar Aliyev Centre,has Attribute,Attribute,folds,
Precedents,Heydar Aliyev Centre,has Attribute,Attribute,inflections,
Precedents,Heydar Aliyev Centre,has Attribute,Attribute,blurring,
Precedents,Heydar Aliyev Centre,has Attribute,Attribute,concrete structure,
Precedents,Heydar Aliyev Centre,has Attribute,Attribute,free-form structure,
Precedents,Heydar Aliyev Centre,has Attribute,Attribute,motion,
Precedents,Heydar Aliyev Centre,has Attribute,Attribute,topography,
Precedents,Heydar Aliyev Centre,has Principle,Principle,continuous ,
Precedents,Heydar Aliyev Centre,has Principle,Principle,fluid,
Precedents,Heydar Aliyev Centre,has Principle,Principle,interior fluidity,
Precedents,Heydar Aliyev Centre,has Principle,Principle,unconventional and structural solutions,
Precedents,Heydar Aliyev Centre,has Principle,Principle,plasticity,
Precedents,Heydar Aliyev Centre,has Principle,Principle,motion,
Precedents,Hotel de Beauvais,serves as a,Programme,Townhouse,
Precedents,Hotel de Beauvais,serves as a,Programme,Residence,
Precedents,Hotel de Beauvais,relates to,Sub-Aspects,Ordering Principle: Symmetry,
Precedents,Hotel de Beauvais,is designed by,Architect,Antoine le Pautre,
Precedents,Hotel de Beauvais,has Style,Style,French Baroque,
Precedents,Hotel de Beauvais,is built using,Materials,Stone,
Precedents,Hotel de Beauvais,is designed/built in,Year,1656,
Precedents,Hotel de Beauvais,is located in,Location,France,
Precedents,Hotel de Beauvais,has Attribute,Attribute,courtyard,
Precedents,Hotel de Beauvais,has Attribute,Attribute,free plan,
Precedents,Hotel de Beauvais,has Attribute,Attribute,baroque,
Precedents,Hotel de Beauvais,has Attribute,Attribute,french baroque,
Precedents,Hotel de Beauvais,has Attribute,Attribute,stone,
Precedents,Hotel de Beauvais,has Attribute,Attribute,site response,
Precedents,Hotel de Beauvais,has Attribute,Attribute,asymmetrical site,
Precedents,Hotel de Beauvais,has Principle,Principle,symmetry,
Precedents,Hotel de Beauvais,has Principle,Principle,free plan,
Precedents,Hotel de Beauvais,has Principle,Principle,adaptive resuse,
Precedents,Gamble House,serves as a,Programme,Residence,
Precedents,Gamble House,relates to,Sub-Aspects,Spatial Organisation: Clustered,
Precedents,Gamble House,has Style,Style,American Craftsmen,
Precedents,Gamble House,is designed by,Architect,Greene and Greene,
Precedents,Gamble House,is built using,Materials,Wood,
Precedents,Gamble House,is designed/built in ,Year,1909,
Precedents,Gamble House,is located in,Location,United States,
Precedents,Gamble House,has Attribute,Attribute,transition space,
Precedents,Gamble House,has Attribute,Attribute,detail,
Precedents,Gamble House,has Attribute,Attribute,craftsmenship,
Precedents,Gamble House,has Attribute,Attribute,Japanese,
Precedents,Gamble House,has Attribute,Attribute,horizontal,
Precedents,Gamble House,has Attribute,Attribute,modular,
Precedents,Gamble House,has Attribute,Attribute,asymmetrical,
Precedents,Gamble House,has Principle,Principle,American Craftsmen,
Precedents,Friedman House,serves as a,Programme,Residence,
Precedents,Friedman House,relates to,Sub-Aspects,Spatial Organisation: Clustered,
Precedents,Friedman House,has Style,Style,Usonian,
Precedents,Friedman House,is designed by,Architect,Frank Lloyd Wright,
Precedents,Friedman House,is built using,Materials,Concrete,
Precedents,Friedman House,is built using,Materials,Wood,
Precedents,Friedman House,is built using,Materials,Brick,
Precedents,Friedman House,is designed/built in,Year,1948,
Precedents,Friedman House,is located in ,Location,United States,
Precedents,Friedman House,has Attribute,Attribute,contours,
Precedents,Friedman House,has Attribute,Attribute,circular,
Precedents,Friedman House,has Principle,Principle,Broadacre City,
Precedents,Freitag Tower,relates to,Sub-Aspects,Operation: Modulate,
Precedents,Freitag Tower,serves as a,Programme,Observation Deck,
Precedents,Freitag Tower,has Style,Style,Cargotecture,
Precedents,Freitag Tower,is designed by,Architect,Spillmann Echsle Architekten,
Precedents,Freitag Tower,is built using,Materials,Steel,
Precedents,Freitag Tower,has Attribute,Attribute,cargo containers,
Precedents,Freitag Tower,has Attribute,Attribute,landmark,
Precedents,Freitag Tower,has Attribute,Attribute,daylight,
Precedents,Freitag Tower,has Principle,Principle,stack,
Precedents,Freitag Tower,is designed/built in,Year,2006,
Precedents,Freitag Tower,is located in,Location,Switerland,
Precedents,Denver Airport,is built using,Materials,PTFE,
Precedents,Denver Airport,is built using,Materials,Steel,
Precedents,Denver Airport,serves as a,Programme,Airport,
Precedents,Denver Airport,has Style,Style,Parametric,
Precedents,Denver Airport,is designed/built in ,Year,1995,
Precedents,Denver Airport,is located in ,Location,United States,
Precedents,Denver Airport,is designed by,Architect,Curtis Fentress,
Precedents,Denver Airport,has Attribute,Attribute,fabric roof,
Precedents,Denver Airport,has Attribute,Attribute,canopy,
Precedents,Denver Airport,has Attribute,Attribute,clerestory window,
Precedents,Denver Airport,has Attribute,Attribute,curtain-wall,
Precedents,Denver Airport,has Attribute,Attribute,iconic,
Precedents,Chee Tong Temple,serves as a,Programme,Place of Worship,
Precedents,Chee Tong Temple,is built using,Materials,Glass,
Precedents,Chee Tong Temple,relates to,Sub-Aspects,Site: Climate,
Precedents,Chee Tong Temple,has Style,Style,Vernacular,
Precedents,Chee Tong Temple,is designed by,Architect,Tay Kheng Soon,
Precedents,Chee Tong Temple,is designed/built in,Year,1987,
Precedents,Chee Tong Temple,is located in ,Location,Singapore,
Precedents,Chee Tong Temple,has Attribute,Attribute,enclosure,
Precedents,Chee Tong Temple,has Attribute,Attribute,transitionary space,
Precedents,Chee Tong Temple,has Principle,Principle,Interpenetration,
Precedents,Capitol Complex,serves as a,Programme,Civic Building,
Precedents,Capitol Complex,has Style,Style,Modern,
Precedents,Capitol Complex,has Attribute,Attribute,edifice,
Precedents,Capitol Complex,has Attribute,Attribute,ramp,
Precedents,Capitol Complex,has Attribute,Attribute,recesses,
Precedents,Capitol Complex,has Attribute,Attribute,modular facade,
Precedents,Capitol Complex,has Attribute,Attribute,cross ventilation,
Precedents,Capitol Complex,has Attribute,Attribute,natural light,
Precedents,Capitol Complex,has Attribute,Attribute,multi-level interior spaces,
Precedents,Capitol Complex,has Attribute,Attribute,punctured,
Precedents,Capitol Complex,has Attribute,Attribute,long and narrow,
Precedents,Capitol Complex,has Attribute,Attribute,projections,
Precedents,Capitol Complex,has Attribute,Attribute,interlocking squares,
Precedents,Capitol Complex,has Principle,Principle,unify,
Precedents,Capitol Complex,has Principle,Principle,organizational efficiency,
Precedents,Capitol Complex,has Principle,Principle,anthropomorphic plan,
Precedents,Capitol Complex,is designed/built in ,Year,1962,
Precedents,Capitol Complex,is located in ,Location,India,
Precedents,Capitol Complex,relates to,Sub-Aspects,Structure: Columns,
Precedents,Capitol Complex,relates to,Sub-Aspects,Ordering Principle: Repetition,
Precedents,Capitol Complex,is built using,Materials,Concrete,
Precedents,Capitol Complex,is designed by,Architect,Le Corbusier,
Precedents,Ark Nova,serves as a,Programme,Concert Hall / Theatre,
Precedents,Ark Nova,relates to,Sub-Aspects,Operation: Inflate,
Precedents,Ark Nova,is built using,Materials,Plastic,
Precedents,Ark Nova,is designed by,Architect,Arata Isozaki,
Precedents,Ark Nova,has Style,Style,Contemporary,
Precedents,Ark Nova,has Principle,Principle,Levithan,
Precedents,Ark Nova,has Attribute,Attribute,mobile,
Precedents,Ark Nova,has Attribute,Attribute,orb,
Precedents,Ark Nova,has Attribute,Attribute,inflatable,
Precedents,Ark Nova,has Attribute,Attribute,sculptural,
Precedents,Ark Nova,has Attribute,Attribute,membrane,
Precedents,Ark Nova,has Attribute,Attribute,teamed,
Precedents,Ark Nova,is designed/built in ,Year,2013,
Precedents,Ark Nova,is located in,Location,Japan,
Precedents,Baker House,serves as a,Programme,Dormitory,
Precedents,Baker House,has Style,Style,Modern,
Precedents,Baker House,has Attribute,Attribute,single-loaded,
Precedents,Baker House,has Attribute,Attribute,parallel,
Precedents,Baker House,has Attribute,Attribute,sinuous,
Precedents,Baker House,has Attribute,Attribute,undulating,
Precedents,Baker House,has Attribute,Attribute,static,
Precedents,Baker House,has Attribute,Attribute,movement,
Precedents,Baker House,has Attribute,Attribute,modular,
Precedents,Baker House,has Principle,Principle,rectilinear,
Precedents,Baker House,is designed by,Architect,Alvar Aalto,
Precedents,Baker House,is built using,Materials,Brick,
Precedents,Baker House,relates to,Sub-Aspects,Spatial Organisation: Linear,
Precedents,Baker House,relates to,Sub-Aspects,Spatial Organisation: Orthogonal Plan,
Precedents,Baker House,is designed/built in ,Year,1948,
Precedents,Baker House,is located in,Location,United States,
Precedents,Castelvecchio Museum,serves as a,Programme,Museum,
Precedents,Castelvecchio Museum,is built using,Materials,Concrete,
Precedents,Castelvecchio Museum,is built using,Materials,Wood,
Precedents,Castelvecchio Museum,is built using,Materials,Brick,
Precedents,Castelvecchio Museum,is designed by,Architect,Carlo Scarpa,
Precedents,Castelvecchio Museum,has Style,Style,Renaissance,
Precedents,Castelvecchio Museum,relates to,Sub-Aspects,Site: Heritage,
Precedents,Castelvecchio Museum,is designed/built in ,Year,1973,
Precedents,Castelvecchio Museum,is located in ,Location,Italy,
Precedents,Castelvecchio Museum,has Principle,Principle,restoration,
Precedents,Bilbao Guggenheim Museum,serves as a,Programme,Museum,
Precedents,Bilbao Guggenheim Museum,is built using,Materials,Titanium,
Precedents,Bilbao Guggenheim Museum,is built using,Materials,Limestone,
Precedents,Bilbao Guggenheim Museum,is built using,Materials,Glass,
Precedents,Bilbao Guggenheim Museum,has Style,Style,Deconstructivism,
Precedents,Bilbao Guggenheim Museum,is designed by,Architect,Frank Gehry,
Precedents,Bilbao Guggenheim Museum,relates to,Sub-Aspects,Operation: Crumple,
Precedents,Bilbao Guggenheim Museum,relates to,Sub-Aspects,Spatial Organisation: Orthogonal Plan,
Precedents,Bilbao Guggenheim Museum,relates to,Sub-Aspects,Spatial Organisation: Grid,
Precedents,Bilbao Guggenheim Museum,relates to,Sub-Aspects,Circulation: Ramp,
Precedents,Bilbao Guggenheim Museum,is designed/built in ,Year,1997,
Precedents,Bilbao Guggenheim Museum,is located in,Location,Spain,
Precedents,Bilbao Guggenheim Museum,has Attribute,Attribute,atrium,
Precedents,Bilbao Guggenheim Museum,has Attribute,Attribute,metallic,
Precedents,Bilbao Guggenheim Museum,has Attribute,Attribute,curves,
Precedents,Bilbao Guggenheim Museum,has Attribute,Attribute,transfomation,
Precedents,Bilbao Guggenheim Museum,has Attribute,Attribute,"""Bilbao Effect""",
Precedents,Bilbao Guggenheim Museum,has Principle,Principle,industrial,
Precedents,Bilbao Guggenheim Museum,has Principle,Principle,mathematical,
Precedents,Chapel on Mt. Rokko,serves as a,Programme,Place of Worship,
Precedents,Chapel on Mt. Rokko,has Style,Style,Contemporary,
Precedents,Chapel on Mt. Rokko,is designed by,Architect,Tadao Ando,
Precedents,Chapel on Mt. Rokko,relates to,Sub-Aspects,Circulation: Linear,
Precedents,Chapel on Mt. Rokko,is built using,Materials,Concrete,
Precedents,Chapel on Mt. Rokko,is designed/built in ,Year,1986,
Precedents,Chapel on Mt. Rokko,is located in ,Location,Japan,
Precedents,Chapel on Mt. Rokko,has Attribute,Attribute,natural light,
Precedents,Chapel on Mt. Rokko,has Attribute,Attribute,light and shadow,
Precedents,Chapel on Mt. Rokko,has Attribute,Attribute,porch,
Precedents,Chapel on Mt. Rokko,has Attribute,Attribute,vertical counterpoint,
Precedents,Chapel on Mt. Rokko,has Attribute,Attribute,simple geometry,
Precedents,Chapel on Mt. Rokko,has Principle,Principle,spatial sequence,
Precedents,Säynätsalo Town Hall,serves as a,Programme,Civic Building,
Precedents,Säynätsalo Town Hall,is built using,Materials,Brick,
Precedents,Säynätsalo Town Hall,is built using,Materials,Wood,
Precedents,Säynätsalo Town Hall,is designed by,Architect,Alvar Aalto,
Precedents,Säynätsalo Town Hall,relates to,Sub-Aspects,Ordering Principle: Hierachy,
Precedents,Säynätsalo Town Hall,has Style,Style,Modern,
Precedents,Säynätsalo Town Hall,has Style,Style,Classic,
Precedents,Säynätsalo Town Hall,is designed/built in,Year,1949,
Precedents,Säynätsalo Town Hall,is located in,Location,Finland,
Precedents,Säynätsalo Town Hall,has Attribute,Attribute,courtyard,
Precedents,Säynätsalo Town Hall,has Attribute,Attribute,open circulatory space,
Precedents,Säynätsalo Town Hall,has Attribute,Attribute,public plaza,
Precedents,Säynätsalo Town Hall,has Attribute,Attribute,clerestory windows,
Precedents,Säynätsalo Town Hall,has Attribute,Attribute,monumental,
Precedents,Säynätsalo Town Hall,has Principle,Principle,study in opposition,
Precedents,Säynätsalo Town Hall,has Principle,Principle,contrast,
Precedents,Darwin D. Martin House and Estate,serves as a,Programme,Residence,
Precedents,Darwin D. Martin House and Estate,is designed by,Architect,Frank Lloyd Wright,
Precedents,Darwin D. Martin House and Estate,has Style,Style,Priairie,
Precedents,Darwin D. Martin House and Estate,is built using,Materials,Brick,
Precedents,Darwin D. Martin House and Estate,is built using,Materials,Wood,
Precedents,Darwin D. Martin House and Estate,relates to,Sub-Aspects,Ordering Principle: Axis,
Precedents,Darwin D. Martin House and Estate,is designed/built in ,Year,1905,
Precedents,Darwin D. Martin House and Estate,is located in ,Location,United States,
Precedents,Darwin D. Martin House and Estate,has Attribute,Attribute,art glass,
Precedents,Darwin D. Martin House and Estate,has Attribute,Attribute,composition,
Precedents,Biomuseo,serves as a,Programme,Museum,
Precedents,Biomuseo,is built using,Materials,Steel,
Precedents,Biomuseo,is built using,Materials,Concrete,
Precedents,Biomuseo,is designed by,Architect,Frank Gehry,
Precedents,Biomuseo,has Style,Style,Contemporary,
Precedents,Biomuseo,relates to,Sub-Aspects,Operation: Fold,
Precedents,Biomuseo,is designed/built in ,Year,2014,
Precedents,Biomuseo,is located in,Location,Panama,
Precedents,Biomuseo,has Attribute,Attribute,atrium,
Precedents,Biomuseo,has Attribute,Attribute,canopy,
Precedents,Falling Water,serves as a,Programme,Residence,
Precedents,Falling Water,has Style,Style,Modern,
Precedents,Falling Water,relates to,Sub-Aspects,Site: Topography,
Precedents,Falling Water,has Attribute,Attribute,sculptural,
Precedents,Falling Water,has Attribute,Attribute,waterfall,
Precedents,Falling Water,has Attribute,Attribute,narrow passageways,
Precedents,Falling Water,has Attribute,Attribute,cantilevered terraces,
Precedents,Falling Water,has Attribute,Attribute,corner window detail,
Precedents,Falling Water,has Attribute,Attribute,nature,
Precedents,Falling Water,has Principle,Principle,integration,
Precedents,Falling Water,has Principle,Principle,compression and expansion,
Precedents,Falling Water,has Principle,Principle,harmony,
Precedents,Falling Water,is designed/built in,Year,1939,
Precedents,Falling Water,is located in ,Location,United States,
Precedents,Falling Water,is built using,Materials,Concrete,
Precedents,Falling Water,is built using,Materials,Brick,
Precedents,Falling Water,is designed by,Architect,Frank Lloyd Wright,
Precedents,Investcorp Building,is designed by,Architect,Zaha Hadid Architects,
Precedents,Investcorp Building,is designed/built in,Year,2015,
Precedents,Investcorp Building,is located in,Location,England,
Precedents,Investcorp Building,has Style,Style,Deconstructivism,
Precedents,Investcorp Building,serves as a ,Programme,Education Facility,
Precedents,Investcorp Building,serves as a ,Programme,Library,
Precedents,Investcorp Building,is built using,Material,Steel,
Precedents,Investcorp Building,has Attribute,Attribute,expansion,
Precedents,Investcorp Building,has Attribute,Attribute,site response,
Precedents,Investcorp Building,has Principle,Principle,connectivity,
Precedents,Investcorp Building,relates to,Sub-Aspects,Structure: Steel Frame,
Precedents,Jewel Changi Airport,is designed by,Architect,Safdie Architects,
Precedents,Jewel Changi Airport,is designed/built in,Year,2019,
Precedents,Jewel Changi Airport,is located in,Location,Singapore,
Precedents,Jewel Changi Airport,has Style,Style,Neo-futurism,
Precedents,Jewel Changi Airport,serves as a ,Programme,Airport,
Precedents,Jewel Changi Airport,serves as a ,Programme,Retail,
Precedents,Jewel Changi Airport,is built using,Material,Glass,
Precedents,Jewel Changi Airport,has Attribute,Attribute,marketplace,
Precedents,Jewel Changi Airport,has Attribute,Attribute,pedestrian bridges,
Precedents,Jewel Changi Airport,has Attribute,Attribute,visual connections,
Precedents,Jewel Changi Airport,has Attribute,Attribute,terraced indoor garden,
Precedents,Jewel Changi Airport,has Attribute,Attribute,spatial and interactive experiences,
Precedents,Jewel Changi Airport,has Attribute,Attribute,indoor waterfall,
Precedents,Jewel Changi Airport,has Attribute,Attribute,oculus,
Precedents,Jewel Changi Airport,has Attribute,Attribute,domed roof,
Precedents,Jewel Changi Airport,has Attribute,Attribute,vertical canyons,
Precedents,Jewel Changi Airport,has Attribute,Attribute,column-free spaces,
Precedents,Jewel Changi Airport,has Attribute,Attribute,glazing,
Precedents,Jewel Changi Airport,has Attribute,Attribute,suspended catenary glass-bottom bridge walk,
Precedents,Jewel Changi Airport,has Attribute,Attribute,"event plaza
",
Precedents,Jewel Changi Airport,has Attribute,Attribute,connector,
Precedents,Jewel Changi Airport,has Attribute,Attribute,leisure,
Precedents,Jewel Changi Airport,has Attribute,Attribute,nature,
Precedents,Jewel Changi Airport,has Attribute,Attribute,Displacement Ventilation System,
Precedents,Jewel Changi Airport,has Principle,Principle,cardinal axes,
Precedents,Jewel Changi Airport,has Principle,Principle,evaporative cooling,
Precedents,Jewel Changi Airport,has Principle,Principle,static shading,
Precedents,Jewel Changi Airport,has Principle,Principle,dynamic shading,
Precedents,Jewel Changi Airport,relates to,Sub-Aspects,Structure: Grid-shell,
Precedents,Katsura Imperial Villa,is designed by,Architect,Edward Suzuki Associates,
Precedents,Katsura Imperial Villa,is designed/built in,Year,2010,
Precedents,Katsura Imperial Villa,is located in,Location,Japan,
Precedents,Katsura Imperial Villa,has Style,Style,"Zen buddhist, Shoin-zukuri",
Precedents,Katsura Imperial Villa,serves as a ,Programme,Residence,
Precedents,Katsura Imperial Villa,is built using,Material,Wood,
Precedents,Katsura Imperial Villa,is built using,Material,Glass,
Precedents,Katsura Imperial Villa,is built using,Material,Steel,
Precedents,Katsura Imperial Villa,has Attribute,Attribute,garden,
Precedents,Katsura Imperial Villa,has Attribute,Attribute,tea house,
Precedents,Katsura Imperial Villa,has Attribute,Attribute,raised floors,
Precedents,Katsura Imperial Villa,has Attribute,Attribute,cultural treasure,
Precedents,Katsura Imperial Villa,has Principle,Principle,zen buddism,
Precedents,Katsura Imperial Villa,relates to,Sub-Aspects,Ordering Principle: Repetition,
Precedents,Kaufmann House,is designed by,Architect,Richard Neutra,
Precedents,Kaufmann House,is designed/built in,Year,1947,
Precedents,Kaufmann House,is located in,Location,United States,
Precedents,Kaufmann House,has Style,Style,Modern,
Precedents,Kaufmann House,serves as a ,Programme,International,
Precedents,Kaufmann House,is built using,Material,Wood,
Precedents,Kaufmann House,is built using,Material,Stone,
Precedents,Kaufmann House,is built using,Material,Concrete,
Precedents,Kaufmann House,is built using,Material,Glass,
Precedents,Kaufmann House,is built using,Material,Steel,
Precedents,Kaufmann House,has Attribute,Attribute,swimming pool,
Precedents,Kaufmann House,has Attribute,Attribute,pinwheel,
Precedents,Kaufmann House,has Attribute,Attribute,20th Century,
Precedents,Kaufmann House,has Attribute,Attribute,family,
Precedents,Kaufmann House,has Principle,Principle,cardinal axes,
Precedents,Kaufmann House,has Principle,Principle,balance,
Precedents,Kaufmann House,relates to,Sub-Aspects,Site: Topography,
Precedents,Kaufmann House,relates to,Sub-Aspects,Spatial Organisations: Radial,
Precedents,Koshino House,is designed by,Architect,Tadao Ando Architect & Associates,
Precedents,Koshino House,is designed/built in,Year,1984,
Precedents,Koshino House,is located in,Location,Japan,
Precedents,Koshino House,has Style,Style,Contemporary,
Precedents,Koshino House,serves as a ,Programme,Residence,
Precedents,Koshino House,is built using,Material,Concrete,
Precedents,Koshino House,has Attribute,Attribute,park,
Precedents,Koshino House,has Attribute,Attribute,light and shadow,
Precedents,Koshino House,has Attribute,Attribute,concrete,
Precedents,Koshino House,has Attribute,Attribute,landscape,
Precedents,Koshino House,has Attribute,Attribute,ecosystem,
Precedents,Koshino House,has Attribute,Attribute,light,
Precedents,Koshino House,has Attribute,Attribute,light ornament,
Precedents,Koshino House,has Principle,Principle,parallel,
Precedents,Koshino House,has Principle,Principle,addition,
Precedents,Koshino House,relates to,Sub-Aspects,Ordering Principle: Datum,
Precedents,Palace of Assembly (Legislative Assembly Building),is designed by,Architect,Le Corbusier,
Precedents,Palace of Assembly (Legislative Assembly Building),is designed/built in,Year,1962,
Precedents,Palace of Assembly (Legislative Assembly Building),is located in,Location,India,
Precedents,Palace of Assembly (Legislative Assembly Building),has Style,Style,Modern,
Precedents,Palace of Assembly (Legislative Assembly Building),serves as a ,Programme,Civic Building,
Precedents,Palace of Assembly (Legislative Assembly Building),is built using,Material,Concrete,
Precedents,Palace of Assembly (Legislative Assembly Building),has Attribute,Attribute,open-plan,
Precedents,Palace of Assembly (Legislative Assembly Building),has Attribute,Attribute,free facade,
Precedents,Palace of Assembly (Legislative Assembly Building),has Attribute,Attribute,glazing,
Precedents,Palace of Assembly (Legislative Assembly Building),has Principle,Principle,grid,
Precedents,Palace of Assembly (Legislative Assembly Building),relates to,Sub-Aspects,Ordering Principle: Hierarchy,
Precedents,Palace of Assembly (Legislative Assembly Building),relates to,Sub-Aspects,Circulation: Radial,
Precedents,LEGO House,is designed by,Architect,Bjarke Ingels Group,
Precedents,LEGO House,is designed/built in,Year,2017,
Precedents,LEGO House,is located in,Location,Denmark,
Precedents,LEGO House,has Style,Style,Contemporary,
Precedents,LEGO House,serves as a ,Programme,Museum,
Precedents,LEGO House,is built using,Material,Concrete,
Precedents,LEGO House,has Attribute,Attribute,overlapping blocks,
Precedents,LEGO House,has Attribute,Attribute,urban cave,
Precedents,LEGO House,has Attribute,Attribute,wayfinding,
Precedents,LEGO House,has Attribute,Attribute,skylight,
Precedents,LEGO House,has Attribute,Attribute,360 panoramic views,
Precedents,LEGO House,has Attribute,Attribute,multi-purposed stairs,
Precedents,LEGO House,has Attribute,Attribute,scale,
Precedents,LEGO House,relates to,Sub-Aspects,Operation: Stack,
Precedents,Library of Mount Angel,is designed by,Architect,Alvar Aalto,
Precedents,Library of Mount Angel,is designed/built in,Year,1970,
Precedents,Library of Mount Angel,is located in,Location,United States,
Precedents,Library of Mount Angel,has Style,Style,Modern,
Precedents,Library of Mount Angel,serves as a ,Programme,Library,
Precedents,Library of Mount Angel,is built using,Material,Brick,
Precedents,Library of Mount Angel,is built using,Material,Steel,
Precedents,Library of Mount Angel,has Attribute,Attribute,courtyard,
Precedents,Library of Mount Angel,has Attribute,Attribute,inner facade,
Precedents,Library of Mount Angel,has Attribute,Attribute,natural light,
Precedents,Library of Mount Angel,has Attribute,Attribute,atrium,
Precedents,Library of Mount Angel,has Attribute,Attribute,circulation,
Precedents,Library of Mount Angel,has Attribute,Attribute,brick,
Precedents,Library of Mount Angel,has Attribute,Attribute,arc,
Precedents,Library of Mount Angel,has Attribute,Attribute,light,
Precedents,Library of Mount Angel,has Principle,Principle,structural expression,
Precedents,Library of Mount Angel,relates to,Sub-Aspects,Ordering Principle: Transformation,
Precedents,Maison des Fondateurs,is designed by,Architect,Bjarke Ingels Group,
Precedents,Maison des Fondateurs,is designed/built in,Year,2014,
Precedents,Maison des Fondateurs,is located in,Location,Switzerland,
Precedents,Maison des Fondateurs,has Style,Style,Deconstructivism,
Precedents,Maison des Fondateurs,has Style,Style,Modern,
Precedents,Maison des Fondateurs,serves as a ,Programme,Museum,
Precedents,Maison des Fondateurs,serves as a ,Programme,Workspace,
Precedents,Maison des Fondateurs,is built using,Material,Glass,
Precedents,Maison des Fondateurs,is built using,Material,Steel,
Precedents,Maison des Fondateurs,has Attribute,Attribute,spiral,
Precedents,Maison des Fondateurs,has Attribute,Attribute,galleries,
Precedents,Maison des Fondateurs,has Attribute,Attribute,linear,
Precedents,Maison des Fondateurs,has Attribute,Attribute,workshops,
Precedents,Maison des Fondateurs,has Attribute,Attribute,undulating,
Precedents,Maison des Fondateurs,has Attribute,Attribute,light,
Precedents,Maison des Fondateurs,has Attribute,Attribute,structural glass,
Precedents,Maison des Fondateurs,has Attribute,Attribute,views,
Precedents,Maison des Fondateurs,has Principle,Principle,narrative,
Precedents,Maison des Fondateurs,has Principle,Principle,integration,
Precedents,Maison des Fondateurs,relates to,Sub-Aspects,Circulation: Ramp,
Precedents,Marika-Alderton House,is designed by,Architect,OZ. E. TECTURE,
Precedents,Marika-Alderton House,is designed/built in,Year,1994,
Precedents,Marika-Alderton House,is located in,Location,Australia,
Precedents,Marika-Alderton House,has Style,Style,Vernacular,
Precedents,Marika-Alderton House,serves as a ,Programme,Residence,
Precedents,Marika-Alderton House,is built using,Material,Wood,
Precedents,Marika-Alderton House,is built using,Material,Steel,
Precedents,Marika-Alderton House,has Attribute,Attribute,pitched roof,
Precedents,Marika-Alderton House,has Attribute,Attribute,operable skin,
Precedents,Marika-Alderton House,has Attribute,Attribute,screen,
Precedents,Marika-Alderton House,has Attribute,Attribute,shade,
Precedents,Marika-Alderton House,has Attribute,Attribute,void,
Precedents,Marika-Alderton House,has Attribute,Attribute,Monsoonal Tropical Climate,
Precedents,Marika-Alderton House,has Attribute,Attribute,flooding,
Precedents,Marika-Alderton House,has Attribute,Attribute,cyclones,
Precedents,Marika-Alderton House,has Attribute,Attribute,wet summers,
Precedents,Marika-Alderton House,has Attribute,Attribute,dry winters,
Precedents,Marika-Alderton House,has Attribute,Attribute,beach,
Precedents,Marika-Alderton House,has Attribute,Attribute,creek,
Precedents,Marika-Alderton House,has Attribute,Attribute,lagoon,
Precedents,Marika-Alderton House,has Principle,Principle,climatic,
Precedents,Marika-Alderton House,has Principle,Principle,cultural,
Precedents,Marika-Alderton House,has Principle,Principle,elemental,
Precedents,Marika-Alderton House,has Principle,Principle,visual privacy,
Precedents,Marika-Alderton House,relates to,Sub-Aspects,Site: Climate,
Precedents,Marques de Riscal Hotel,is designed by,Architect,Frank Gehry,
Precedents,Marques de Riscal Hotel,is designed/built in,Year,2006,
Precedents,Marques de Riscal Hotel,is located in,Location,Spain,
Precedents,Marques de Riscal Hotel,has Style,Style,Contemporary,
Precedents,Marques de Riscal Hotel,serves as a ,Programme,Residence,
Precedents,Marques de Riscal Hotel,is built using,Material,Titanium,
Precedents,Marques de Riscal Hotel,is built using,Material,Steel,
Precedents,Marques de Riscal Hotel,has Attribute,Attribute,flowing shapes,
Precedents,Marques de Riscal Hotel,relates to,Sub-Aspects,Operation: Curve,
Precedents,Monticello ,is designed by,Architect,Thomas Jefferson,
Precedents,Monticello ,is designed/built in,Year,1772,
Precedents,Monticello ,is located in,Location,United States,
Precedents,Monticello ,has Style,Style,Neoclassicism,
Precedents,Monticello ,serves as a ,Programme,Library,
Precedents,Monticello ,is built using,Material,Wood,
Precedents,Monticello ,is built using,Material,Brick,
Precedents,Monticello ,has Attribute,Attribute,Doric entablature,
Precedents,Monticello ,has Attribute,Attribute,extended portico,
Precedents,Monticello ,has Attribute,Attribute,Doric columns,
Precedents,Monticello ,has Attribute,Attribute,triangle pediment,
Precedents,Monticello ,has Attribute,Attribute,octagonal drum,
Precedents,Monticello ,has Attribute,Attribute,shallow dome,
Precedents,Monticello ,has Attribute,Attribute,wooden balustrade,
Precedents,Monticello ,has Principle,Principle,verticality,
Precedents,Monticello ,relates to,Sub-Aspects,Ordering Principle: Symmetry,
Precedents,Montreal Biosphere,is designed by,Architect,Buckminster Fuller,
Precedents,Montreal Biosphere,is designed/built in,Year,1967,
Precedents,Montreal Biosphere,is located in,Location,Canada,
Precedents,Montreal Biosphere,has Style,Style,Futuristic,
Precedents,Montreal Biosphere,serves as a ,Programme,Museum,
Precedents,Montreal Biosphere,is built using,Material,Acrylic,
Precedents,Montreal Biosphere,is built using,Material,Steel,
Precedents,Montreal Biosphere,has Attribute,Attribute,membrane,
Precedents,Montreal Biosphere,has Principle,Principle,fragmentation,
Precedents,Montreal Biosphere,has Principle,Principle,nakedness,
Precedents,Montreal Biosphere,relates to,Sub-Aspects,Structure: Space Frame,
Precedents,MoPOP,is designed by,Architect, Frank Gehry,
Precedents,MoPOP,is designed/built in,Year,2000,
Precedents,MoPOP,is located in,Location,United States,
Precedents,MoPOP,has Style,Style,Deconstructivism,
Precedents,MoPOP,serves as a ,Programme,Museum,
Precedents,MoPOP,is built using,Material,Aluminium,
Precedents,MoPOP,is built using,Material,Steel,
Precedents,MoPOP,has Attribute,Attribute,textures,
Precedents,MoPOP,has Attribute,Attribute,colours,
Precedents,MoPOP,has Attribute,Attribute,energy,
Precedents,MoPOP,has Principle,Principle,fluidity,
Precedents,MoPOP,has Principle,Principle,evolving,
Precedents,MoPOP,relates to,Sub-Aspects,Operation: Crumple,
Precedents,Munich Olympic Stadium,is designed by,Architect,Behnisch & Partner,
Precedents,Munich Olympic Stadium,is designed by,Architect,Frei Otto,
Precedents,Munich Olympic Stadium,is designed by,Architect,"Leonhardt, Andrä und Partner",
Precedents,Munich Olympic Stadium,is designed/built in,Year,1972,
Precedents,Munich Olympic Stadium,is located in,Location,Germany,
Precedents,Munich Olympic Stadium,has Style,Style,Modern,
Precedents,Munich Olympic Stadium,serves as a ,Programme,Stadium,
Precedents,Munich Olympic Stadium,is built using,Material,Acrylic,
Precedents,Munich Olympic Stadium,is built using,Material,Steel,
Precedents,Munich Olympic Stadium,has Attribute,Attribute,canopy,
Precedents,Munich Olympic Stadium,has Attribute,Attribute,lightweight,
Precedents,Munich Olympic Stadium,relates to,Sub-Aspects,Structure: Tensile,
Precedents,Munich Olympic Stadium,relates to,Sub-Aspects,Operation: Pull,
Precedents,National Aquatics Center Beijing,is designed by,Architect,PTW Architects,
Precedents,National Aquatics Center Beijing,is designed by,Architect,CSCEC & DESIGN,
Precedents,National Aquatics Center Beijing,is designed/built in,Year,2007,
Precedents,National Aquatics Center Beijing,is located in,Location,China,
Precedents,National Aquatics Center Beijing,has Style,Style,Deconstructivism,
Precedents,National Aquatics Center Beijing,serves as a ,Programme,Stadium,
Precedents,National Aquatics Center Beijing,is built using,Material,ETFE,
Precedents,National Aquatics Center Beijing,has Attribute,Attribute,green,
Precedents,National Aquatics Center Beijing,has Attribute,Attribute,slicing,
Precedents,National Aquatics Center Beijing,has Principle,Principle,irregular,
Precedents,National Aquatics Center Beijing,has Principle,Principle,organic,
Precedents,National Aquatics Center Beijing,relates to,Sub-Aspects,Structure: Space Frame,
Precedents,National Aquatics Center Beijing,relates to,Sub-Aspects,Operation: Inflate,
Precedents,Villa Savoye,is designed by,Architect,Le Corbusier,
Precedents,Villa Savoye,is designed/built in,Year,1929,
Precedents,Villa Savoye,is located in,Location,France,
Precedents,Villa Savoye,has Style,Style,International,
Precedents,Villa Savoye,serves as a ,Programme,Residence,
Precedents,Villa Savoye,is built using,Material,Glass,
Precedents,Villa Savoye,is built using,Material,Concrete,
Precedents,Villa Savoye,is built using,Material,Steel,
Precedents,Villa Savoye,has Attribute,Attribute,open-plan,
Precedents,Villa Savoye,has Attribute,Attribute,architectural promenade,
Precedents,Villa Savoye,has Attribute,Attribute,adjoined units,
Precedents,Villa Savoye,has Attribute,Attribute,structural fields,
Precedents,Villa Savoye,has Attribute,Attribute,squares,
Precedents,Villa Savoye,has Attribute,Attribute,four-square,
Precedents,Villa Savoye,has Attribute,Attribute,meander,
Precedents,Villa Savoye,has Principle,Principle,mechanistic,
Precedents,Villa Savoye,has Principle,Principle,machine for living,
Precedents,Villa Savoye,has Principle,Principle,efficiency,
Precedents,Villa Savoye,has Principle,Principle,Five Points of Architecture,
Precedents,Villa Savoye,has Principle,Principle,minimalist,
Precedents,Villa Savoye,has Principle,Principle,spatial interplay,
Precedents,Villa Savoye,has Principle,Principle,open-plan,
Precedents,Villa Savoye,has Principle,Principle,monumentality,
Precedents,Villa Savoye,has Principle,Principle,proportional plan to section relationships,
Precedents,Villa Savoye,has Principle,Principle,subtraction,
Precedents,Villa Savoye,has Principle,Principle,bounded frame,
Precedents,Villa Savoye,has Principle,Principle,positive-negative balance line,
Precedents,Villa Savoye,relates to,Sub-Aspects,Structure: Columns,
Precedents,National Museum of Qatar,is designed by,Architect,Jean Nouvel,
Precedents,National Museum of Qatar,is designed/built in,Year,2019,
Precedents,National Museum of Qatar,is located in,Location,Qatar,
Precedents,National Museum of Qatar,has Style,Style,Contemporary,
Precedents,National Museum of Qatar,serves as a ,Programme,Museum,
Precedents,National Museum of Qatar,is built using,Material,Concrete,
Precedents,National Museum of Qatar,is built using,Material,Stone,
Precedents,National Museum of Qatar,has Attribute,Attribute,undulating,
Precedents,National Museum of Qatar,has Principle,Principle,interlocking,
Precedents,National Museum of Qatar,has Principle,Principle,monochromatic,
Precedents,National Museum of Qatar,has Principle,Principle,neutral,
Precedents,National Museum of Qatar,relates to,Sub-Aspects,Operation: Slot,
Precedents,New Museum,is designed by,Architect,SANAA,
Precedents,New Museum,is designed/built in,Year,1977,
Precedents,New Museum,is located in,Location,United States,
Precedents,New Museum,has Style,Style,Modern,
Precedents,New Museum,serves as a ,Programme,Museum,
Precedents,New Museum,is built using,Material,Aluminium,
Precedents,New Museum,has Attribute,Attribute,cubes,
Precedents,New Museum,has Attribute,Attribute,natural light,
Precedents,New Museum,has Attribute,Attribute,clean,
Precedents,New Museum,has Attribute,Attribute,light,
Precedents,New Museum,has Attribute,Attribute,elegant,
Precedents,New Museum,has Attribute,Attribute,semi-transparent,
Precedents,New Museum,has Principle,Principle,dynamicity,
Precedents,New Museum,has Principle,Principle,shifting,
Precedents,New Museum,relates to,Sub-Aspects,Circulation: Vertical,
Precedents,Phillips Exeter Academy Library,is designed by,Architect,Louis Kahn,
Precedents,Phillips Exeter Academy Library,is designed/built in,Year,1972,
Precedents,Phillips Exeter Academy Library,is located in,Location,United States,
Precedents,Phillips Exeter Academy Library,has Style,Style,Modern,
Precedents,Phillips Exeter Academy Library,serves as a ,Programme,Library,
Precedents,Phillips Exeter Academy Library,is built using,Material,Wood,
Precedents,Phillips Exeter Academy Library,is built using,Material,Concrete,
Precedents,Phillips Exeter Academy Library,is built using,Material,Brick,
Precedents,Phillips Exeter Academy Library,is built using,Material,Stone,
Precedents,Phillips Exeter Academy Library,is built using,Material,Slate,
Precedents,Phillips Exeter Academy Library,has Attribute,Attribute,natural light,
Precedents,Phillips Exeter Academy Library,has Attribute,Attribute,terrace,
Precedents,Phillips Exeter Academy Library,has Attribute,Attribute,clerestory windows,
Precedents,Phillips Exeter Academy Library,has Principle,Principle,punctured,
Precedents,Phillips Exeter Academy Library,relates to,Sub-Aspects,Circulation: Radial,
Precedents,Poly Grand Theater,is designed by,Architect,Tadao Ando Architect & Associates,
Precedents,Poly Grand Theater,is designed/built in,Year,2014,
Precedents,Poly Grand Theater,is located in,Location,China,
Precedents,Poly Grand Theater,has Style,Style,Contemporary,
Precedents,Poly Grand Theater,serves as a ,Programme,Concert Hall / Theatre,
Precedents,Poly Grand Theater,is built using,Material,Concrete,
Precedents,Poly Grand Theater,is built using,Material,Glass,
Precedents,Poly Grand Theater,is built using,Material,Aluminium,
Precedents,Poly Grand Theater,has Attribute,Attribute,openings,
Precedents,Poly Grand Theater,has Principle,Principle,playfulness,
Precedents,Poly Grand Theater,has Principle,Principle,carved,
Precedents,Poly Grand Theater,has Principle,Principle,contrast,
Precedents,Poly Grand Theater,has Principle,Principle,serenity,
Precedents,Poly Grand Theater,relates to,Sub-Aspects,Operation: Subtract,
Precedents,Punta Della Dogana,is designed by,Architect,Tadao Ando Architect & Associates,
Precedents,Punta Della Dogana,is designed/built in,Year,2009,
Precedents,Punta Della Dogana,is located in,Location,Italy,
Precedents,Punta Della Dogana,has Style,Style,Critical regionalism,
Precedents,Punta Della Dogana,has Style,Style,Baroque,
Precedents,Punta Della Dogana,serves as a ,Programme,Museum,
Precedents,Punta Della Dogana,is built using,Material,Brick,
Precedents,Punta Della Dogana,is built using,Material,Plaster,
Precedents,Punta Della Dogana,is built using,Material,Wood,
Precedents,Punta Della Dogana,has Attribute,Attribute,protective shell,
Precedents,Punta Della Dogana,has Attribute,Attribute,skylight,
Precedents,Punta Della Dogana,has Attribute,Attribute,natural light,
Precedents,Punta Della Dogana,has Principle,Principle,simple,
Precedents,Punta Della Dogana,has Principle,Principle,rational,
Precedents,Punta Della Dogana,has Principle,Principle,emblematic,
Precedents,Punta Della Dogana,has Principle,Principle,conservation,
Precedents,Punta Della Dogana,has Principle,Principle,juxtaposition,
Precedents,Punta Della Dogana,relates to,Sub-Aspects,"Site: Heritage
",
Precedents,Rietveld-Schroeder House,is designed by,Architect,Gerrit Rietveld,
Precedents,Rietveld-Schroeder House,is designed/built in,Year,1925,
Precedents,Rietveld-Schroeder House,is located in,Location,The Netherlands,
Precedents,Rietveld-Schroeder House,has Style,Style,Modern,
Precedents,Rietveld-Schroeder House,serves as a ,Programme,Residence,
Precedents,Rietveld-Schroeder House,is built using,Material,Concrete,
Precedents,Rietveld-Schroeder House,is built using,Material,Steel,
Precedents,Rietveld-Schroeder House,is built using,Material,Brick,
Precedents,Rietveld-Schroeder House,is built using,Material,Plaster,
Precedents,Rietveld-Schroeder House,is built using,Material,Wood,
Precedents,Rietveld-Schroeder House,has Attribute,Attribute,flexible interior spaces,
Precedents,Rietveld-Schroeder House,has Attribute,Attribute,portable partitions,
Precedents,Rietveld-Schroeder House,has Attribute,Attribute,collapsable walls,
Precedents,Rietveld-Schroeder House,has Attribute,Attribute,central staircase,
Precedents,Rietveld-Schroeder House,has Attribute,Attribute,paint,
Precedents,Rietveld-Schroeder House,has Principle,Principle,visionary,
Precedents,Rietveld-Schroeder House,has Principle,Principle,eccentric,
Precedents,Rietveld-Schroeder House,has Principle,Principle,planar,
Precedents,Rietveld-Schroeder House,has Principle,Principle,De Stijl,
Precedents,Rietveld-Schroeder House,has Principle,Principle,primary colours,
Precedents,Rietveld-Schroeder House,has Principle,Principle,transformable,
Precedents,Rietveld-Schroeder House,relates to,Sub-Aspects,Operation: Add,
Precedents,Sainsbury Center,is designed by,Architect,Foster + Partners,
Precedents,Sainsbury Center,is designed/built in,Year,1978,
Precedents,Sainsbury Center,is located in,Location,England,
Precedents,Sainsbury Center,has Style,Style,High-tech,
Precedents,Sainsbury Center,serves as a ,Programme,Gallery,
Precedents,Sainsbury Center,serves as a ,Programme,Museum,
Precedents,Sainsbury Center,is built using,Material,Steel,
Precedents,Sainsbury Center,is built using,Material,Aluminium,
Precedents,Sainsbury Center,has Attribute,Attribute,flexible enclosure,
Precedents,Sainsbury Center,has Attribute,Attribute,universal space,
Precedents,Sainsbury Center,has Attribute,Attribute,free-flowing spaces,
Precedents,Sainsbury Center,has Attribute,Attribute,open-plan,
Precedents,Sainsbury Center,has Attribute,Attribute,portable partitions,
Precedents,Sainsbury Center,has Attribute,Attribute,double skin,
Precedents,Sainsbury Center,has Attribute,Attribute,prefabricated,
Precedents,Sainsbury Center,has Principle,Principle,open-plan,
Precedents,Sainsbury Center,has Principle,Principle,uncluttered,
Precedents,Sainsbury Center,relates to,Sub-Aspects,Structure: Space Frame,
Precedents,Samuel Freeman House,is designed by,Architect,Frank Lloyd Wright,
Precedents,Samuel Freeman House,is designed/built in,Year,1922,
Precedents,Samuel Freeman House,is located in,Location,United States,
Precedents,Samuel Freeman House,has Style,Style,Modern ,
Precedents,Samuel Freeman House,serves as a ,Programme,Residence,
Precedents,Samuel Freeman House,is built using,Material,Wood,
Precedents,Samuel Freeman House,is built using,Material,Concrete,
Precedents,Samuel Freeman House,is built using,Material,Textile-block,
Precedents,Samuel Freeman House,has Attribute,Attribute,textile-block,
Precedents,Samuel Freeman House,relates to,Sub-Aspects,Ordering Principle: Transformation,
Precedents,Sharp Centre for Design,is designed by,Architect,Alsop Architects,
Precedents,Sharp Centre for Design,is designed/built in,Year,2014,
Precedents,Sharp Centre for Design,is located in,Location,Canada,
Precedents,Sharp Centre for Design,has Style,Style,Contemporary,
Precedents,Sharp Centre for Design,serves as a ,Programme,Education Institution,
Precedents,Sharp Centre for Design,is built using,Material,Steel,
Precedents,Sharp Centre for Design,is built using,Material,Aluminium,
Precedents,Sharp Centre for Design,has Attribute,Attribute,public plaza,
Precedents,Sharp Centre for Design,has Attribute,Attribute,box,
Precedents,Sharp Centre for Design,has Principle,Principle,suspended,
Precedents,Sharp Centre for Design,has Principle,Principle,conventional,
Precedents,Sharp Centre for Design,has Principle,Principle,views,
Precedents,Sharp Centre for Design,relates to,Sub-Aspects,Operation: Add,
Precedents,Sher-e-bangla Nagar,is designed by,Architect,Louis Kahn,
Precedents,Sher-e-bangla Nagar,is designed/built in,Year,1963,
Precedents,Sher-e-bangla Nagar,is located in,Location,Bangladesh,
Precedents,Sher-e-bangla Nagar,has Style,Style,International,
Precedents,Sher-e-bangla Nagar,has Style,Style,Postmodern,
Precedents,Sher-e-bangla Nagar,has Style,Style,Critical Regionalism,
Precedents,Sher-e-bangla Nagar,serves as a ,Programme,Civic Building,
Precedents,Sher-e-bangla Nagar,is built using,Material,Concrete,
Precedents,Sher-e-bangla Nagar,has Attribute,Attribute,perforations ,
Precedents,Sher-e-bangla Nagar,has Attribute,Attribute,cavernous,
Precedents,Sher-e-bangla Nagar,has Principle,Principle,miniature city,
Precedents,Sher-e-bangla Nagar,has Principle,Principle,rectilinear,
Precedents,Sher-e-bangla Nagar,has Principle,Principle,diagonal,
Precedents,Sher-e-bangla Nagar,has Principle,Principle,orthogonal,
Precedents,Sher-e-bangla Nagar,has Principle,Principle,concavity,
Precedents,Sher-e-bangla Nagar,has Principle,Principle,convexity,
Precedents,Sher-e-bangla Nagar,relates to,Sub-Aspects,Circulation: Radial,
Precedents,"Social Science Research Centre, Germany",is designed by,Architect,James Stirling,
Precedents,"Social Science Research Centre, Germany",is designed by,Architect,Michael Wilford,
Precedents,"Social Science Research Centre, Germany",is designed/built in,Year,1988,
Precedents,"Social Science Research Centre, Germany",is located in,Location,Germany,
Precedents,"Social Science Research Centre, Germany",has Style,Style,Postmodern,
Precedents,"Social Science Research Centre, Germany",serves as a ,Programme,Institute,
Precedents,"Social Science Research Centre, Germany",is built using,Material,Concrete,
Precedents,"Social Science Research Centre, Germany",is built using,Material,Ceramic,
Precedents,"Social Science Research Centre, Germany",has Attribute,Attribute,non-bureaucratic ,
Precedents,"Social Science Research Centre, Germany",has Attribute,Attribute,hexgonal campanile,
Precedents,"Social Science Research Centre, Germany",has Attribute,Attribute,axes,
Precedents,"Social Science Research Centre, Germany",has Principle,Principle,friendly,
Precedents,"Social Science Research Centre, Germany",relates to,Sub-Aspects,Ordering Principle: Datum,
Precedents,Starhill Gallery,is designed by,Architect,Spark Architects,
Precedents,Starhill Gallery,is designed/built in,Year,1996,
Precedents,Starhill Gallery,is located in,Location,Malaysia,
Precedents,Starhill Gallery,has Style,Style,Modern,
Precedents,Starhill Gallery,serves as a ,Programme,Retail,
Precedents,Starhill Gallery,is built using,Material,Glass,
Precedents,Starhill Gallery,is built using,Material,Steel,
Precedents,Starhill Gallery,is built using,Material,Stone,
Precedents,Starhill Gallery,has Attribute,Attribute,visual connections,
Precedents,Starhill Gallery,has Principle,Principle,fractured,
Precedents,Starhill Gallery,has Principle,Principle,solidity,
Precedents,Starhill Gallery,has Principle,Principle,transparency,
Precedents,Starhill Gallery,has Principle,Principle,cutting-edge,
Precedents,Starhill Gallery,has Principle,Principle,visual connections,
Precedents,Starhill Gallery,relates to,Sub-Aspects,Operation: Chamfer,
Precedents,Stockholm Public Library,is designed by,Architect,Gunnar Asplund,
Precedents,Stockholm Public Library,is designed/built in,Year,1928,
Precedents,Stockholm Public Library,is located in,Location,Sweden,
Precedents,Stockholm Public Library,has Style,Style,Nordic Classicism,
Precedents,Stockholm Public Library,serves as a ,Programme,Library,
Precedents,Stockholm Public Library,is built using,Material,Wood,
Precedents,Stockholm Public Library,is built using,Material,Stone,
Precedents,Stockholm Public Library,is built using,Material,Concrete,
Precedents,Stockholm Public Library,has Attribute,Attribute,simple geometry,
Precedents,Stockholm Public Library,has Attribute,Attribute,cavernous,
Precedents,Stockholm Public Library,has Attribute,Attribute,terrace,
Precedents,Stockholm Public Library,has Principle,Principle,classical,
Precedents,Stockholm Public Library,has Principle,Principle,monumentality,
Precedents,Stockholm Public Library,has Principle,Principle,cavernous,
Precedents,Stockholm Public Library,relates to,Sub-Aspects,Spatial Organisations: Centralized,
Precedents,Swatch Headquarters,is designed by,Architect,Shigeru Ban,
Precedents,Swatch Headquarters,is designed/built in,Year,2019,
Precedents,Swatch Headquarters,is located in,Location,Switzerland,
Precedents,Swatch Headquarters,has Style,Style,Contemporary,
Precedents,Swatch Headquarters,serves as a ,Programme,Commercial,
Precedents,Swatch Headquarters,is built using,Material,Wood,
Precedents,Swatch Headquarters,is built using,Material,Glass,
Precedents,Swatch Headquarters,has Attribute,Attribute,double-curved,
Precedents,Swatch Headquarters,has Attribute,Attribute,snaking,
Precedents,Swatch Headquarters,has Attribute,Attribute,colonnade,
Precedents,Swatch Headquarters,has Principle,Principle,playfulness,
Precedents,Swatch Headquarters,has Principle,Principle,environmentally friendly,
Precedents,Swatch Headquarters,relates to,Sub-Aspects,Structure: Gridshell,
Precedents,T3,is designed by,Architect,Michael Green Architecture,
Precedents,T3,is designed by,Architect,DLR Group,
Precedents,T3,is designed/built in,Year,2016,
Precedents,T3,is located in,Location,United States,
Precedents,T3,has Style,Style,Contemporary,
Precedents,T3,serves as a ,Programme,Commercial,
Precedents,T3,serves as a ,Programme,Retail,
Precedents,T3,is built using,Material,Wood,
Precedents,T3,is built using,Material,Steel,
Precedents,T3,has Attribute,Attribute,warm,
Precedents,T3,has Attribute,Attribute,inviting,
Precedents,T3,has Attribute,Attribute,lumber,
Precedents,T3,has Attribute,Attribute,pioneer,
Precedents,T3,has Principle,Principle,modern interpretation,
Precedents,T3,has Principle,Principle,state of the art,
Precedents,T3,has Principle,Principle,environmental performance,
Precedents,T3,has Principle,Principle,technical capability,
Precedents,T3,relates to,Sub-Aspects,Structure: Timber Frame,
Precedents,Tetris Hotel,is designed by,Architect,MVRDV,
Precedents,Tetris Hotel,is designed/built in,Year,2017,
Precedents,Tetris Hotel,is located in,Location,The Netherlands,
Precedents,Tetris Hotel,has Style,Style,Contemporary,
Precedents,Tetris Hotel,serves as a ,Programme,Residence,
Precedents,Tetris Hotel,serves as a ,Programme,Installation,
Precedents,Tetris Hotel,is built using,Material,Plastic,
Precedents,Tetris Hotel,has Attribute,Attribute,multicolored,
Precedents,Tetris Hotel,has Principle,Principle,futuristic,
Precedents,Tetris Hotel,has Principle,Principle,flexibility,
Precedents,Tetris Hotel,relates to,Sub-Aspects,Operation: Modular,
Precedents,The Centre Pompidou,is designed by,Architect,Richard Rogers,
Precedents,The Centre Pompidou,is designed by,Architect,Renzo Piano,
Precedents,The Centre Pompidou,is designed/built in,Year,1977,
Precedents,The Centre Pompidou,is located in,Location,France,
Precedents,The Centre Pompidou,has Style,Style,Contemporary,
Precedents,The Centre Pompidou,serves as a ,Programme,Museum,
Precedents,The Centre Pompidou,is built using,Material,Steel,
Precedents,The Centre Pompidou,is built using,Material,Concrete,
Precedents,The Centre Pompidou,has Attribute,Attribute,inside out,
Precedents,The Centre Pompidou,has Attribute,Attribute,radical,
Precedents,The Centre Pompidou,has Principle,Principle,constructivism,
Precedents,The Centre Pompidou,has Principle,Principle,high-tech,
Precedents,The Centre Pompidou,has Principle,Principle,engulf,
Precedents,The Centre Pompidou,has Principle,Principle,distinguish,
Precedents,The Centre Pompidou,relates to,Sub-Aspects,Circulation: Vertical,
Precedents,The Interlace,is designed by,Architect,Ole Scheeren,
Precedents,The Interlace,is designed/built in,Year,2013,
Precedents,The Interlace,is located in,Location,Singapore,
Precedents,The Interlace,has Style,Style,Contemporary,
Precedents,The Interlace,has Style,Style,Neo-futurism,
Precedents,The Interlace,serves as a ,Programme,Residence,
Precedents,The Interlace,is built using,Material,Concrete,
Precedents,The Interlace,has Attribute,Attribute,elevated,
Precedents,The Interlace,has Attribute,Attribute,outdoor spaces,
Precedents,The Interlace,has Attribute,Attribute,landscaping,
Precedents,The Interlace,has Attribute,Attribute,green belt,
Precedents,The Interlace,has Attribute,Attribute,courtyard,
Precedents,The Interlace,has Attribute,Attribute,terrace,
Precedents,The Interlace,has Attribute,Attribute,landmark,
Precedents,The Interlace,has Principle,Principle,hexagonal,
Precedents,The Interlace,has Principle,Principle,interlocking,
Precedents,The Interlace,has Principle,Principle,cascading,
Precedents,The Interlace,has Principle,Principle,interwoven,
Precedents,The Interlace,has Principle,Principle,interconnectivity,
Precedents,The Interlace,relates to,Sub-Aspects,Operation: Stack,
Precedents,The Millennium Dome,is designed by,Architect,Richard Rogers (RSHP),
Precedents,The Millennium Dome,is designed/built in,Year,1999,
Precedents,The Millennium Dome,is located in,Location,England,
Precedents,The Millennium Dome,has Style,Style,Contemporary,
Precedents,The Millennium Dome,has Style,Style,High-tech,
Precedents,The Millennium Dome,serves as a ,Programme,Pavilion,
Precedents,The Millennium Dome,is built using,Material,PTFE,
Precedents,The Millennium Dome,is built using,Material,Steel,
Precedents,The Millennium Dome,has Attribute,Attribute,canopy,
Precedents,The Millennium Dome,has Attribute,Attribute,flexible space,
Precedents,The Millennium Dome,has Attribute,Attribute,dome,
Precedents,The Millennium Dome,has Attribute,Attribute,steel masts,
Precedents,The Millennium Dome,has Attribute,Attribute,high-tensile cables,
Precedents,The Millennium Dome,has Principle,Principle,circular,
Precedents,The Millennium Dome,has Principle,Principle,naturally-ventilated,
Precedents,The Millennium Dome,has Principle,Principle,color-coded,
Precedents,The Millennium Dome,has Principle,Principle,adaptable,
Precedents,The Millennium Dome,relates to,Sub-Aspects,Operation: Pull,
Precedents,UFA Cinema,is designed by,Architect,COOP HIMMELB(L)AU,
Precedents,UFA Cinema,is designed/built in,Year,1998,
Precedents,UFA Cinema,is located in,Location,Germany,
Precedents,UFA Cinema,has Style,Style,Contemporary,
Precedents,UFA Cinema,serves as a ,Programme,Concert Hall / Theatre,
Precedents,UFA Cinema,is built using,Material,Glass,
Precedents,UFA Cinema,is built using,Material,Concrete,
Precedents,UFA Cinema,is built using,Material,Steel,
Precedents,UFA Cinema,has Attribute,Attribute,inside out,
Precedents,UFA Cinema,has Attribute,Attribute,circulation,
Precedents,UFA Cinema,has Attribute,Attribute,views,
Precedents,UFA Cinema,has Attribute,Attribute,lively,
Precedents,UFA Cinema,has Principle,Principle,interconnectivity,
Precedents,UFA Cinema,has Principle,Principle,multi-purposed,
Precedents,UFA Cinema,relates to,Sub-Aspects,Operation: Chamfer,
Precedents,UMass Design Building,is designed by,Architect,Leers Weinzapfel Associates,
Precedents,UMass Design Building,is designed/built in,Year,2017,
Precedents,UMass Design Building,is located in,Location,United States,
Precedents,UMass Design Building,has Style,Style,Contemporary,
Precedents,UMass Design Building,serves as a ,Programme,Education Institute,
Precedents,UMass Design Building,is built using,Material,Wood,
Precedents,UMass Design Building,is built using,Material,Steel,
Precedents,UMass Design Building,is built using,Material,Glass,
Precedents,UMass Design Building,has Attribute,Attribute,dynamic spaces,
Precedents,UMass Design Building,has Attribute,Attribute,skylit central commons,
Precedents,UMass Design Building,has Attribute,Attribute,green roof,
Precedents,UMass Design Building,has Attribute,Attribute,glazing,
Precedents,UMass Design Building,has Attribute,Attribute,skylight,
Precedents,UMass Design Building,has Attribute,Attribute,wood-concrete composite,
Precedents,UMass Design Building,has Attribute,Attribute,storm water management,
Precedents,UMass Design Building,relates to,Sub-Aspects,Structure: Timber Frame,
Precedents,Unité d'Habitation,is designed by,Architect,Le Corbusier,
Precedents,Unité d'Habitation,is designed/built in,Year,1952,
Precedents,Unité d'Habitation,is located in,Location,France,
Precedents,Unité d'Habitation,has Style,Style,Modern,
Precedents,Unité d'Habitation,serves as a ,Programme,Residence,
Precedents,Unité d'Habitation,is built using,Material,Concrete,
Precedents,Unité d'Habitation,has Attribute,Attribute,floating,
Precedents,Unité d'Habitation,has Attribute,Attribute,double height,
Precedents,Unité d'Habitation,has Attribute,Attribute,interlocking,
Precedents,Unité d'Habitation,has Attribute,Attribute,cross ventilation,
Precedents,Unité d'Habitation,has Attribute,Attribute,open volume,
Precedents,Unité d'Habitation,has Principle,Principle,multi-family,
Precedents,Unité d'Habitation,has Principle,Principle,communal,
Precedents,Unité d'Habitation,has Principle,Principle,vertical garden city,
Precedents,Unité d'Habitation,has Principle,Principle,functionally optimised,
Precedents,Unité d'Habitation,has Principle,Principle,mechanistic,
Precedents,Unité d'Habitation,has Principle,Principle,Five Points of Architecture,
Precedents,Unité d'Habitation,has Principle,Principle,brutalist,
Precedents,Unité d'Habitation,has Principle,Principle,modular,
Precedents,Unité d'Habitation,relates to,Sub-Aspects,Spatial Organisations: Linear,
Precedents,V&A Spiral,is designed by,Architect,Studio Libeskind,
Precedents,V&A Spiral,is designed/built in,Year,1996,
Precedents,V&A Spiral,is located in,Location,England,
Precedents,V&A Spiral,has Style,Style,Contemporary,
Precedents,V&A Spiral,serves as a ,Programme,Museum,
Precedents,V&A Spiral,has Attribute,Attribute,column-free spaces,
Precedents,V&A Spiral,has Attribute,Attribute,cantilever,
Precedents,V&A Spiral,has Attribute,Attribute,undulating,
Precedents,V&A Spiral,has Principle,Principle,catalysmic disruption,
Precedents,V&A Spiral,has Principle,Principle,rupture,
Precedents,V&A Spiral,has Principle,Principle,anachronistic,
Precedents,V&A Spiral,has Principle,Principle,interpenetrate,
Precedents,V&A Spiral,has Principle,Principle,folded,
Precedents,V&A Spiral,has Principle,Principle,misalign,
Precedents,V&A Spiral,has Principle,Principle,interlocking,
Precedents,V&A Spiral,relates to,Sub-Aspects,Operation: Fold,
Precedents,"Venice Hospital, Le Corbusier",is designed by,Architect,Le Corbusier,
Precedents,"Venice Hospital, Le Corbusier",is designed/built in,Year,1965,
Precedents,"Venice Hospital, Le Corbusier",is located in,Location,Italy,
Precedents,"Venice Hospital, Le Corbusier",has Style,Style,Modern,
Precedents,"Venice Hospital, Le Corbusier",serves as a ,Programme,Hospital,
Precedents,"Venice Hospital, Le Corbusier",has Attribute,Attribute,modular,
Precedents,"Venice Hospital, Le Corbusier",has Attribute,Attribute,courtyard,
Precedents,"Venice Hospital, Le Corbusier",has Attribute,Attribute,clerestory windows,
Precedents,"Venice Hospital, Le Corbusier",has Principle,Principle,machine for living,
Precedents,"Venice Hospital, Le Corbusier",has Principle,Principle,seamless,
Precedents,"Venice Hospital, Le Corbusier",has Principle,Principle,interconnectivity,
Precedents,"Venice Hospital, Le Corbusier",has Principle,Principle,clustered,
Precedents,"Venice Hospital, Le Corbusier",relates to,Sub-Aspects,Spatial Organisation: Grid,
Precedents,Philips Pavilion,is designed by,Architect,Le Corbusier,
Precedents,Philips Pavilion,is designed by,Architect,Iannis Xenakis,
Precedents,Philips Pavilion,is designed/built in,Year,1958,
Precedents,Philips Pavilion,is located in,Location,Belgium,
Precedents,Philips Pavilion,has Style,Style,Modern,
Precedents,Philips Pavilion,serves as a ,Programme,Pavilion,
Precedents,Philips Pavilion,is built using,Material,Concrete,
Precedents,Philips Pavilion,has Attribute,Attribute,sound,
Precedents,Philips Pavilion,has Attribute,Attribute,harmony,
Precedents,Philips Pavilion,has Attribute,Attribute,expo,
Precedents,Philips Pavilion,has Attribute,Attribute,electronic,
Precedents,Philips Pavilion,has Principle,Principle,gastalt,
Precedents,Philips Pavilion,has Principle,Principle,temporary,
Precedents,Philips Pavilion,has Principle,Principle,utopia,
Precedents,Philips Pavilion,has Principle,Principle,tension,
Precedents,Philips Pavilion,has Principle,Principle,algorithm,
Precedents,Philips Pavilion,relates to,Sub-Aspects,Structure: Tensile,
Precedents,Villa Shodhan,is designed by,Architect,Le Corbusier,
Precedents,Villa Shodhan,is designed/built in,Year,1954,
Precedents,Villa Shodhan,is located in,Location,India,
Precedents,Villa Shodhan,has Style,Style,Modern,
Precedents,Villa Shodhan,serves as a ,Programme,Residence,
Precedents,Villa Shodhan,is built using,Material,Concrete,
Precedents,Villa Shodhan,has Attribute,Attribute,clerestory windows,
Precedents,Villa Shodhan,has Principle,Principle,porous,
Precedents,Villa Shodhan,has Principle,Principle,rectilinear,
Precedents,Villa Shodhan,relates to,Sub-Aspects,Spatial Organisation: Grid,
Precedents,Vitra Fire Station,is designed by,Architect,Zaha Hadid Architects,
Precedents,Vitra Fire Station,is designed/built in,Year,1993,
Precedents,Vitra Fire Station,is located in,Location,Germany,
Precedents,Vitra Fire Station,has Style,Style,Contemporary,
Precedents,Vitra Fire Station,serves as a ,Programme,Museum,
Precedents,Vitra Fire Station,serves as a ,Programme,Civic Building,
Precedents,Vitra Fire Station,is built using,Material,Concrete,
Precedents,Vitra Fire Station,is built using,Material,Glass ,
Precedents,Vitra Fire Station,is built using,Material,Steel,
Precedents,Vitra Fire Station,has Attribute,Attribute,layered,
Precedents,Vitra Fire Station,has Attribute,Attribute,prismatic,
Precedents,Vitra Fire Station,has Attribute,Attribute,stretching,
Precedents,Vitra Fire Station,has Attribute,Attribute,screen,
Precedents,Vitra Fire Station,has Principle,Principle,linear,
Precedents,Vitra Fire Station,has Principle,Principle,hermetic,
Precedents,Vitra Fire Station,has Principle,Principle,frozen,
Precedents,Vitra Fire Station,has Principle,Principle,sharpness,
Precedents,Vitra Fire Station,relates to,Sub-Aspects,Operation: Slot,
Precedents,Vuoksenniska Church,is designed by,Architect,Alvar Aalto,
Precedents,Vuoksenniska Church,is designed/built in,Year,1958,
Precedents,Vuoksenniska Church,is located in,Location,Finland,
Precedents,Vuoksenniska Church,has Style,Style,Modern,
Precedents,Vuoksenniska Church,serves as a ,Programme,Religious,
Precedents,Vuoksenniska Church,is built using,Material,Brick,
Precedents,Vuoksenniska Church,is built using,Material,Concrete,
Precedents,Vuoksenniska Church,is built using,Material,Copper,
Precedents,Vuoksenniska Church,has Attribute,Attribute,motifs,
Precedents,Vuoksenniska Church,has Attribute,Attribute,moveable walls,
Precedents,Vuoksenniska Church,has Attribute,Attribute,triangular,
Precedents,Vuoksenniska Church,has Principle,Principle,social,
Precedents,Vuoksenniska Church,has Principle,Principle,asymmetrical,
Precedents,Vuoksenniska Church,relates to,Sub-Aspects,Circulation: Linear,
Precedents,W. A. Glasner House,is designed by,Architect,Frank Lloyd Wright,
Precedents,W. A. Glasner House,is designed/built in,Year,1905,
Precedents,W. A. Glasner House,is located in,Location,United States,
Precedents,W. A. Glasner House,has Style,Style,Prairie School,
Precedents,W. A. Glasner House,serves as a ,Programme,Residence,
Precedents,W. A. Glasner House,is built using,Material,Wood,
Precedents,W. A. Glasner House,is built using,Material,Glass,
Precedents,W. A. Glasner House,has Attribute,Attribute,octagonal,
Precedents,W. A. Glasner House,has Principle,Principle,asymmetrical,
Precedents,W. A. Glasner House,relates to,Sub-Aspects,Ordering Principles: Axis,
Precedents,Walt Disney Concert Hall,is designed by,Architect,Frank Gehry,
Precedents,Walt Disney Concert Hall,is designed/built in,Year,2003,
Precedents,Walt Disney Concert Hall,is located in,Location,United States,
Precedents,Walt Disney Concert Hall,has Style,Style,Deconstructivism,
Precedents,Walt Disney Concert Hall,serves as a ,Programme,Concert Hall / Theatre,
Precedents,Walt Disney Concert Hall,is built using,Material,Steel,
Precedents,Walt Disney Concert Hall,is built using,Material,Glass,
Precedents,Walt Disney Concert Hall,has Attribute,Attribute,skylight,
Precedents,Walt Disney Concert Hall,has Attribute,Attribute,undulating,
Precedents,Walt Disney Concert Hall,has Attribute,Attribute,angled,
Precedents,Walt Disney Concert Hall,has Principle,Principle,curvilinear,
Precedents,Walt Disney Concert Hall,has Principle,Principle,asymmetrical,
Precedents,Walt Disney Concert Hall,relates to,Sub-Aspects,Structure: Steel Frame,
Precedents,Wingspread,is designed by,Architect,Frank Lloyd Wright,
Precedents,Wingspread,is designed/built in,Year,1937,
Precedents,Wingspread,is located in,Location,United States,
Precedents,Wingspread,has Style,Style,Prairie School,
Precedents,Wingspread,serves as a ,Programme,Residence,
Precedents,Wingspread,is built using,Material,Brick,
Precedents,Wingspread,has Attribute,Attribute,skylight,
Precedents,Wingspread,relates to,Sub-Aspects,Spatial Organisations: Radial,
Sub-Aspects,Operation: Subtract,is part of,Aspects,Operation,
Sub-Aspects,Operation: Curve,is part of,Aspects,Operation,
Sub-Aspects,Structure: Space Frame,is part of,Aspects,Structure,
Sub-Aspects,Ordering Principle: Symmetry,is part of,Aspects,Ordering Principle,
Sub-Aspects,Spatial Organisation: Clustered,is part of,Aspects,Spatial Organisation,
Sub-Aspects,Structure: Tensile,is part of,Aspects,Structure,
Sub-Aspects,Operation: Modular,is part of,Aspects,Operation,
Sub-Aspects,Site: Climate,is part of,Aspects,Site,
Sub-Aspects,Operation: Crumple,is part of,Aspects,Operation,
Sub-Aspects,Operation: Fold,is part of,Aspects,Operation,
Sub-Aspects,Circulation: Linear,is part of,Aspects,Circulation,
Sub-Aspects,Circulation: Ramp,is part of,Aspects,Circulation,
Sub-Aspects,Site: Topography,is part of,Aspects,Site,
Sub-Aspects,Spatial Organisation: Linear,is part of,Aspects,Spatial Organisation,
Sub-Aspects,Operation: Inflate,is part of,Aspects,Operation,
Sub-Aspects,Ordering Principle: Axis,is part of,Aspects,Ordering Principle,
Sub-Aspects,Ordering Principle: Repetition,is part of,Aspects,Ordering Principle,
Sub-Aspects,Ordering Principle: Hierachy,is part of,Aspects,Ordering Principle,
Sub-Aspects,Spatial Organisation: Centralised,is part of,Aspects,Spatial Organisation,
Sub-Aspects,Site: Heritage,is part of,Aspects,Site,
Year,1656,is part of,Style,Baroque,
Year,1772,is part of,Style,Baroque,
Year,1656,is part of,Style,Rococo,
Year,1772,is part of,Style,Rococo,
Year,1772,is part of,Style,Neoclassicism,
Year,1905,is part of,Style,Neoclassicism,
Year,1909,is part of,Style,Neoclassicism,
Year,1922,is part of,Style,Neoclassicism,
Year,1925,is part of,Style,Neoclassicism,
Year,1905,is part of,Style,Art Nouveau,
Year,1909,is part of,Style,Art Nouveau,
Year,1905,is part of,Style,Beaux Arts,
Year,1909,is part of,Style,Beaux Arts,
Year,1922,is part of,Style,Beaux Arts,
Year,1925,is part of,Style,Beaux Arts,
Year,1905,is part of,Style,Neo-Gothic,
Year,1909,is part of,Style,Neo-Gothic,
Year,1922,is part of,Style,Neo-Gothic,
Year,1925,is part of,Style,Neo-Gothic,
Year,1928,is part of,Style,Neo-Gothic,
Year,1929,is part of,Style,Neo-Gothic,
Year,1925,is part of,Style,Art Deco,
Year,1928,is part of,Style,Art Deco,
Year,1929,is part of,Style,Art Deco,
Year,1937,is part of,Style,Art Deco,
Year,1905,is part of,Style,Modern,
Year,1909,is part of,Style,Modern,
Year,1922,is part of,Style,Modern,
Year,1925,is part of,Style,Modern,
Year,1928,is part of,Style,Modern,
Year,1929,is part of,Style,Modern,
Year,1937,is part of,Style,Modern,
Year,1939,is part of,Style,Modern,
Year,1947,is part of,Style,Modern,
Year,1948,is part of,Style,Modern,
Year,1949,is part of,Style,Modern,
Year,1952,is part of,Style,Modern,
Year,1954,is part of,Style,Modern,
Year,1958,is part of,Style,Modern,
Year,1962,is part of,Style,Modern,
Year,1963,is part of,Style,Modern,
Year,1965,is part of,Style,Modern,
Year,1967,is part of,Style,Modern,
Year,1970,is part of,Style,Modern,
Year,1972,is part of,Style,Modern,
Year,1973,is part of,Style,Modern,
Year,1977,is part of,Style,Modern,
Year,1978,is part of,Style,Modern,
Year,1984,is part of,Style,Modern,
Year,1986,is part of,Style,Modern,
Year,1987,is part of,Style,Modern,
Year,1988,is part of,Style,Modern,
Year,1993,is part of,Style,Modern,
Year,1994,is part of,Style,Modern,
Year,1995,is part of,Style,Modern,
Year,1996,is part of,Style,Modern,
Year,1997,is part of,Style,Modern,
Year,1998,is part of,Style,Modern,
Year,1999,is part of,Style,Modern,
Year,2000,is part of,Style,Modern,
Year,2003,is part of,Style,Modern,
Year,2006,is part of,Style,Modern,
Year,2007,is part of,Style,Modern,
Year,2009,is part of,Style,Modern,
Year,2010,is part of,Style,Modern,
Year,2013,is part of,Style,Modern,
Year,2014,is part of,Style,Modern,
Year,2015,is part of,Style,Modern,
Year,2016,is part of,Style,Modern,
Year,2017,is part of,Style,Modern,
Year,2019,is part of,Style,Modern,
Year,1972,is part of,Style,Postmodern,
Year,1973,is part of,Style,Postmodern,
Year,1977,is part of,Style,Postmodern,
Year,1978,is part of,Style,Postmodern,
Year,1984,is part of,Style,Postmodern,
Year,1986,is part of,Style,Postmodern,
Year,1987,is part of,Style,Postmodern,
Year,1988,is part of,Style,Postmodern,
Year,1993,is part of,Style,Postmodern,
Year,1994,is part of,Style,Postmodern,
Year,1995,is part of,Style,Postmodern,
Year,1996,is part of,Style,Postmodern,
Year,1997,is part of,Style,Postmodern,
Year,1998,is part of,Style,Postmodern,
Year,1999,is part of,Style,Postmodern,
Year,2000,is part of,Style,Postmodern,
Year,2003,is part of,Style,Postmodern,
Year,2006,is part of,Style,Postmodern,
Year,2007,is part of,Style,Postmodern,
Year,2009,is part of,Style,Postmodern,
Year,2010,is part of,Style,Postmodern,
Year,2013,is part of,Style,Postmodern,
Year,2014,is part of,Style,Postmodern,
Year,2015,is part of,Style,Postmodern,
Year,2016,is part of,Style,Postmodern,
Year,2017,is part of,Style,Postmodern,
Year,2019,is part of,Style,Postmodern,
Year,1997,is part of,Style,Neo-futurism,
Year,1998,is part of,Style,Neo-futurism,
Year,1999,is part of,Style,Neo-futurism,
Year,2000,is part of,Style,Neo-futurism,
Year,2003,is part of,Style,Neo-futurism,
Year,2006,is part of,Style,Neo-futurism,
Year,2007,is part of,Style,Neo-futurism,
Year,2009,is part of,Style,Neo-futurism,
Year,2010,is part of,Style,Neo-futurism,
Year,2013,is part of,Style,Neo-futurism,
Year,2014,is part of,Style,Neo-futurism,
Year,2015,is part of,Style,Neo-futurism,
Year,2016,is part of,Style,Neo-futurism,
Year,2017,is part of,Style,Neo-futurism,
Year,2019,is part of,Style,Neo-futurism,
